id,title,authors,year,abstract,keywords,doi,source,publication_type,journal_conference
pub_0001,Research on AI and Machine Learning - Study 1,"Author 1 (Tsinghua, Germany)",2018,"This study explores deep learning, neural networks, artificial intelligence, machine learning algorithms, natural language processing, computer vision, reinforcement learning, and generative models for various applications.",deep learning; neural networks; AI; machine learning; transformers,10.1234/example.1,Research Database,journal,Nature Machine Intelligence
pub_0002,Research on AI and Machine Learning - Study 2,"Author 2 (Toronto, Canada)",2018,"This study explores deep learning, neural networks, artificial intelligence, machine learning algorithms, natural language processing, computer vision, reinforcement learning, and generative models for various applications.",deep learning; neural networks; AI; machine learning; transformers,10.1234/example.2,Research Database,journal,ACM Computing Surveys
pub_0003,Research on AI and Machine Learning - Study 3,"Author 3 (Oxford, China)",2018,"This study explores deep learning, neural networks, artificial intelligence, machine learning algorithms, natural language processing, computer vision, reinforcement learning, and generative models for various applications.",deep learning; neural networks; AI; machine learning; transformers,10.1234/example.3,Research Database,journal,Nature Machine Intelligence
pub_0004,Research on AI and Machine Learning - Study 4,"Author 4 (Oxford, China)",2018,"This study explores deep learning, neural networks, artificial intelligence, machine learning algorithms, natural language processing, computer vision, reinforcement learning, and generative models for various applications.",deep learning; neural networks; AI; machine learning; transformers,10.1234/example.4,Research Database,conference,NeurIPS Conference
pub_0005,Research on AI and Machine Learning - Study 5,"Author 5 (Tsinghua, Germany)",2018,"This study explores deep learning, neural networks, artificial intelligence, machine learning algorithms, natural language processing, computer vision, reinforcement learning, and generative models for various applications.",deep learning; neural networks; AI; machine learning; transformers,10.1234/example.5,Research Database,conference,Nature Machine Intelligence
pub_0006,Research on AI and Machine Learning - Study 6,"Author 6 (Toronto, Canada)",2018,"This study explores deep learning, neural networks, artificial intelligence, machine learning algorithms, natural language processing, computer vision, reinforcement learning, and generative models for various applications.",deep learning; neural networks; AI; machine learning; transformers,10.1234/example.6,Research Database,conference,ICML Conference
pub_0007,Research on AI and Machine Learning - Study 7,"Author 7 (Stanford, UK)",2018,"This study explores deep learning, neural networks, artificial intelligence, machine learning algorithms, natural language processing, computer vision, reinforcement learning, and generative models for various applications.",deep learning; neural networks; AI; machine learning; transformers,10.1234/example.7,Research Database,conference,ICML Conference
pub_0008,Research on AI and Machine Learning - Study 8,"Author 8 (Toronto, Canada)",2018,"This study explores deep learning, neural networks, artificial intelligence, machine learning algorithms, natural language processing, computer vision, reinforcement learning, and generative models for various applications.",deep learning; neural networks; AI; machine learning; transformers,10.1234/example.8,Research Database,journal,ICML Conference
pub_0009,Research on AI and Machine Learning - Study 9,"Author 9 (Stanford, UK)",2018,"This study explores deep learning, neural networks, artificial intelligence, machine learning algorithms, natural language processing, computer vision, reinforcement learning, and generative models for various applications.",deep learning; neural networks; AI; machine learning; transformers,10.1234/example.9,Research Database,conference,NeurIPS Conference
pub_0010,Research on AI and Machine Learning - Study 10,"Author 10 (Tsinghua, Germany)",2018,"This study explores deep learning, neural networks, artificial intelligence, machine learning algorithms, natural language processing, computer vision, reinforcement learning, and generative models for various applications.",deep learning; neural networks; AI; machine learning; transformers,10.1234/example.10,Research Database,journal,IEEE Transactions on AI
pub_0011,Research on AI and Machine Learning - Study 11,"Author 11 (Oxford, China)",2018,"This study explores deep learning, neural networks, artificial intelligence, machine learning algorithms, natural language processing, computer vision, reinforcement learning, and generative models for various applications.",deep learning; neural networks; AI; machine learning; transformers,10.1234/example.11,Research Database,journal,ACM Computing Surveys
pub_0012,Research on AI and Machine Learning - Study 12,"Author 12 (Tsinghua, Germany)",2018,"This study explores deep learning, neural networks, artificial intelligence, machine learning algorithms, natural language processing, computer vision, reinforcement learning, and generative models for various applications.",deep learning; neural networks; AI; machine learning; transformers,10.1234/example.12,Research Database,conference,Nature Machine Intelligence
pub_0013,Research on AI and Machine Learning - Study 13,"Author 13 (Tsinghua, Germany)",2018,"This study explores deep learning, neural networks, artificial intelligence, machine learning algorithms, natural language processing, computer vision, reinforcement learning, and generative models for various applications.",deep learning; neural networks; AI; machine learning; transformers,10.1234/example.13,Research Database,journal,ICML Conference
pub_0014,Research on AI and Machine Learning - Study 14,"Author 14 (MIT, USA)",2018,"This study explores deep learning, neural networks, artificial intelligence, machine learning algorithms, natural language processing, computer vision, reinforcement learning, and generative models for various applications.",deep learning; neural networks; AI; machine learning; transformers,10.1234/example.14,Research Database,journal,NeurIPS Conference
pub_0015,Research on AI and Machine Learning - Study 15,"Author 15 (Oxford, China)",2018,"This study explores deep learning, neural networks, artificial intelligence, machine learning algorithms, natural language processing, computer vision, reinforcement learning, and generative models for various applications.",deep learning; neural networks; AI; machine learning; transformers,10.1234/example.15,Research Database,journal,NeurIPS Conference
pub_0016,Research on AI and Machine Learning - Study 16,"Author 16 (MIT, USA)",2018,"This study explores deep learning, neural networks, artificial intelligence, machine learning algorithms, natural language processing, computer vision, reinforcement learning, and generative models for various applications.",deep learning; neural networks; AI; machine learning; transformers,10.1234/example.16,Research Database,journal,ACM Computing Surveys
pub_0017,Research on AI and Machine Learning - Study 17,"Author 17 (Tsinghua, Germany)",2018,"This study explores deep learning, neural networks, artificial intelligence, machine learning algorithms, natural language processing, computer vision, reinforcement learning, and generative models for various applications.",deep learning; neural networks; AI; machine learning; transformers,10.1234/example.17,Research Database,journal,ICML Conference
pub_0018,Research on AI and Machine Learning - Study 18,"Author 18 (Stanford, UK)",2018,"This study explores deep learning, neural networks, artificial intelligence, machine learning algorithms, natural language processing, computer vision, reinforcement learning, and generative models for various applications.",deep learning; neural networks; AI; machine learning; transformers,10.1234/example.18,Research Database,conference,IEEE Transactions on AI
pub_0019,Research on AI and Machine Learning - Study 19,"Author 19 (Stanford, UK)",2018,"This study explores deep learning, neural networks, artificial intelligence, machine learning algorithms, natural language processing, computer vision, reinforcement learning, and generative models for various applications.",deep learning; neural networks; AI; machine learning; transformers,10.1234/example.19,Research Database,journal,ACM Computing Surveys
pub_0020,Research on AI and Machine Learning - Study 20,"Author 20 (Tsinghua, Germany)",2018,"This study explores deep learning, neural networks, artificial intelligence, machine learning algorithms, natural language processing, computer vision, reinforcement learning, and generative models for various applications.",deep learning; neural networks; AI; machine learning; transformers,10.1234/example.20,Research Database,conference,ICML Conference
pub_0021,Research on AI and Machine Learning - Study 21,"Author 21 (Tsinghua, Germany)",2018,"This study explores deep learning, neural networks, artificial intelligence, machine learning algorithms, natural language processing, computer vision, reinforcement learning, and generative models for various applications.",deep learning; neural networks; AI; machine learning; transformers,10.1234/example.21,Research Database,journal,Nature Machine Intelligence
pub_0022,Research on AI and Machine Learning - Study 22,"Author 22 (MIT, USA)",2018,"This study explores deep learning, neural networks, artificial intelligence, machine learning algorithms, natural language processing, computer vision, reinforcement learning, and generative models for various applications.",deep learning; neural networks; AI; machine learning; transformers,10.1234/example.22,Research Database,conference,ACM Computing Surveys
pub_0023,Research on AI and Machine Learning - Study 23,"Author 23 (Tsinghua, Germany)",2018,"This study explores deep learning, neural networks, artificial intelligence, machine learning algorithms, natural language processing, computer vision, reinforcement learning, and generative models for various applications.",deep learning; neural networks; AI; machine learning; transformers,10.1234/example.23,Research Database,conference,ACM Computing Surveys
pub_0024,Research on AI and Machine Learning - Study 24,"Author 24 (Tsinghua, Germany)",2018,"This study explores deep learning, neural networks, artificial intelligence, machine learning algorithms, natural language processing, computer vision, reinforcement learning, and generative models for various applications.",deep learning; neural networks; AI; machine learning; transformers,10.1234/example.24,Research Database,conference,NeurIPS Conference
pub_0025,Research on AI and Machine Learning - Study 25,"Author 25 (Stanford, UK)",2018,"This study explores deep learning, neural networks, artificial intelligence, machine learning algorithms, natural language processing, computer vision, reinforcement learning, and generative models for various applications.",deep learning; neural networks; AI; machine learning; transformers,10.1234/example.25,Research Database,conference,ICML Conference
pub_0026,Research on AI and Machine Learning - Study 26,"Author 26 (Stanford, UK)",2018,"This study explores deep learning, neural networks, artificial intelligence, machine learning algorithms, natural language processing, computer vision, reinforcement learning, and generative models for various applications.",deep learning; neural networks; AI; machine learning; transformers,10.1234/example.26,Research Database,conference,ICML Conference
pub_0027,Research on AI and Machine Learning - Study 27,"Author 27 (Tsinghua, Germany)",2019,"This study explores deep learning, neural networks, artificial intelligence, machine learning algorithms, natural language processing, computer vision, reinforcement learning, and generative models for various applications.",deep learning; neural networks; AI; machine learning; transformers,10.1234/example.27,Research Database,journal,NeurIPS Conference
pub_0028,Research on AI and Machine Learning - Study 28,"Author 28 (Toronto, Canada)",2019,"This study explores deep learning, neural networks, artificial intelligence, machine learning algorithms, natural language processing, computer vision, reinforcement learning, and generative models for various applications.",deep learning; neural networks; AI; machine learning; transformers,10.1234/example.28,Research Database,conference,NeurIPS Conference
pub_0029,Research on AI and Machine Learning - Study 29,"Author 29 (Stanford, UK)",2019,"This study explores deep learning, neural networks, artificial intelligence, machine learning algorithms, natural language processing, computer vision, reinforcement learning, and generative models for various applications.",deep learning; neural networks; AI; machine learning; transformers,10.1234/example.29,Research Database,journal,ICML Conference
pub_0030,Research on AI and Machine Learning - Study 30,"Author 30 (Tsinghua, Germany)",2019,"This study explores deep learning, neural networks, artificial intelligence, machine learning algorithms, natural language processing, computer vision, reinforcement learning, and generative models for various applications.",deep learning; neural networks; AI; machine learning; transformers,10.1234/example.30,Research Database,conference,NeurIPS Conference
pub_0031,Research on AI and Machine Learning - Study 31,"Author 31 (MIT, USA)",2019,"This study explores deep learning, neural networks, artificial intelligence, machine learning algorithms, natural language processing, computer vision, reinforcement learning, and generative models for various applications.",deep learning; neural networks; AI; machine learning; transformers,10.1234/example.31,Research Database,journal,NeurIPS Conference
pub_0032,Research on AI and Machine Learning - Study 32,"Author 32 (MIT, USA)",2019,"This study explores deep learning, neural networks, artificial intelligence, machine learning algorithms, natural language processing, computer vision, reinforcement learning, and generative models for various applications.",deep learning; neural networks; AI; machine learning; transformers,10.1234/example.32,Research Database,journal,IEEE Transactions on AI
pub_0033,Research on AI and Machine Learning - Study 33,"Author 33 (MIT, USA)",2019,"This study explores deep learning, neural networks, artificial intelligence, machine learning algorithms, natural language processing, computer vision, reinforcement learning, and generative models for various applications.",deep learning; neural networks; AI; machine learning; transformers,10.1234/example.33,Research Database,conference,Nature Machine Intelligence
pub_0034,Research on AI and Machine Learning - Study 34,"Author 34 (Oxford, China)",2019,"This study explores deep learning, neural networks, artificial intelligence, machine learning algorithms, natural language processing, computer vision, reinforcement learning, and generative models for various applications.",deep learning; neural networks; AI; machine learning; transformers,10.1234/example.34,Research Database,journal,Nature Machine Intelligence
pub_0035,Research on AI and Machine Learning - Study 35,"Author 35 (Oxford, China)",2019,"This study explores deep learning, neural networks, artificial intelligence, machine learning algorithms, natural language processing, computer vision, reinforcement learning, and generative models for various applications.",deep learning; neural networks; AI; machine learning; transformers,10.1234/example.35,Research Database,journal,Nature Machine Intelligence
pub_0036,Research on AI and Machine Learning - Study 36,"Author 36 (Toronto, Canada)",2019,"This study explores deep learning, neural networks, artificial intelligence, machine learning algorithms, natural language processing, computer vision, reinforcement learning, and generative models for various applications.",deep learning; neural networks; AI; machine learning; transformers,10.1234/example.36,Research Database,conference,ACM Computing Surveys
pub_0037,Research on AI and Machine Learning - Study 37,"Author 37 (MIT, USA)",2019,"This study explores deep learning, neural networks, artificial intelligence, machine learning algorithms, natural language processing, computer vision, reinforcement learning, and generative models for various applications.",deep learning; neural networks; AI; machine learning; transformers,10.1234/example.37,Research Database,conference,IEEE Transactions on AI
pub_0038,Research on AI and Machine Learning - Study 38,"Author 38 (Tsinghua, Germany)",2019,"This study explores deep learning, neural networks, artificial intelligence, machine learning algorithms, natural language processing, computer vision, reinforcement learning, and generative models for various applications.",deep learning; neural networks; AI; machine learning; transformers,10.1234/example.38,Research Database,conference,IEEE Transactions on AI
pub_0039,Research on AI and Machine Learning - Study 39,"Author 39 (Toronto, Canada)",2019,"This study explores deep learning, neural networks, artificial intelligence, machine learning algorithms, natural language processing, computer vision, reinforcement learning, and generative models for various applications.",deep learning; neural networks; AI; machine learning; transformers,10.1234/example.39,Research Database,journal,ICML Conference
pub_0040,Research on AI and Machine Learning - Study 40,"Author 40 (Oxford, China)",2019,"This study explores deep learning, neural networks, artificial intelligence, machine learning algorithms, natural language processing, computer vision, reinforcement learning, and generative models for various applications.",deep learning; neural networks; AI; machine learning; transformers,10.1234/example.40,Research Database,journal,IEEE Transactions on AI
pub_0041,Research on AI and Machine Learning - Study 41,"Author 41 (Oxford, China)",2019,"This study explores deep learning, neural networks, artificial intelligence, machine learning algorithms, natural language processing, computer vision, reinforcement learning, and generative models for various applications.",deep learning; neural networks; AI; machine learning; transformers,10.1234/example.41,Research Database,journal,Nature Machine Intelligence
pub_0042,Research on AI and Machine Learning - Study 42,"Author 42 (MIT, USA)",2019,"This study explores deep learning, neural networks, artificial intelligence, machine learning algorithms, natural language processing, computer vision, reinforcement learning, and generative models for various applications.",deep learning; neural networks; AI; machine learning; transformers,10.1234/example.42,Research Database,journal,ACM Computing Surveys
pub_0043,Research on AI and Machine Learning - Study 43,"Author 43 (Oxford, China)",2019,"This study explores deep learning, neural networks, artificial intelligence, machine learning algorithms, natural language processing, computer vision, reinforcement learning, and generative models for various applications.",deep learning; neural networks; AI; machine learning; transformers,10.1234/example.43,Research Database,journal,ACM Computing Surveys
pub_0044,Research on AI and Machine Learning - Study 44,"Author 44 (Stanford, UK)",2019,"This study explores deep learning, neural networks, artificial intelligence, machine learning algorithms, natural language processing, computer vision, reinforcement learning, and generative models for various applications.",deep learning; neural networks; AI; machine learning; transformers,10.1234/example.44,Research Database,conference,NeurIPS Conference
pub_0045,Research on AI and Machine Learning - Study 45,"Author 45 (Oxford, China)",2019,"This study explores deep learning, neural networks, artificial intelligence, machine learning algorithms, natural language processing, computer vision, reinforcement learning, and generative models for various applications.",deep learning; neural networks; AI; machine learning; transformers,10.1234/example.45,Research Database,journal,IEEE Transactions on AI
pub_0046,Research on AI and Machine Learning - Study 46,"Author 46 (Tsinghua, Germany)",2019,"This study explores deep learning, neural networks, artificial intelligence, machine learning algorithms, natural language processing, computer vision, reinforcement learning, and generative models for various applications.",deep learning; neural networks; AI; machine learning; transformers,10.1234/example.46,Research Database,journal,ICML Conference
pub_0047,Research on AI and Machine Learning - Study 47,"Author 47 (Toronto, Canada)",2019,"This study explores deep learning, neural networks, artificial intelligence, machine learning algorithms, natural language processing, computer vision, reinforcement learning, and generative models for various applications.",deep learning; neural networks; AI; machine learning; transformers,10.1234/example.47,Research Database,journal,NeurIPS Conference
pub_0048,Research on AI and Machine Learning - Study 48,"Author 48 (Oxford, China)",2019,"This study explores deep learning, neural networks, artificial intelligence, machine learning algorithms, natural language processing, computer vision, reinforcement learning, and generative models for various applications.",deep learning; neural networks; AI; machine learning; transformers,10.1234/example.48,Research Database,journal,ICML Conference
pub_0049,Research on AI and Machine Learning - Study 49,"Author 49 (Toronto, Canada)",2019,"This study explores deep learning, neural networks, artificial intelligence, machine learning algorithms, natural language processing, computer vision, reinforcement learning, and generative models for various applications.",deep learning; neural networks; AI; machine learning; transformers,10.1234/example.49,Research Database,conference,Nature Machine Intelligence
pub_0050,Research on AI and Machine Learning - Study 50,"Author 50 (Oxford, China)",2019,"This study explores deep learning, neural networks, artificial intelligence, machine learning algorithms, natural language processing, computer vision, reinforcement learning, and generative models for various applications.",deep learning; neural networks; AI; machine learning; transformers,10.1234/example.50,Research Database,conference,ICML Conference
pub_0051,Research on AI and Machine Learning - Study 51,"Author 51 (Stanford, UK)",2019,"This study explores deep learning, neural networks, artificial intelligence, machine learning algorithms, natural language processing, computer vision, reinforcement learning, and generative models for various applications.",deep learning; neural networks; AI; machine learning; transformers,10.1234/example.51,Research Database,conference,NeurIPS Conference
pub_0052,Research on AI and Machine Learning - Study 52,"Author 52 (MIT, USA)",2019,"This study explores deep learning, neural networks, artificial intelligence, machine learning algorithms, natural language processing, computer vision, reinforcement learning, and generative models for various applications.",deep learning; neural networks; AI; machine learning; transformers,10.1234/example.52,Research Database,journal,ICML Conference
pub_0053,Research on AI and Machine Learning - Study 53,"Author 53 (Tsinghua, Germany)",2019,"This study explores deep learning, neural networks, artificial intelligence, machine learning algorithms, natural language processing, computer vision, reinforcement learning, and generative models for various applications.",deep learning; neural networks; AI; machine learning; transformers,10.1234/example.53,Research Database,conference,ICML Conference
pub_0054,Research on AI and Machine Learning - Study 54,"Author 54 (Tsinghua, Germany)",2019,"This study explores deep learning, neural networks, artificial intelligence, machine learning algorithms, natural language processing, computer vision, reinforcement learning, and generative models for various applications.",deep learning; neural networks; AI; machine learning; transformers,10.1234/example.54,Research Database,conference,Nature Machine Intelligence
pub_0055,Research on AI and Machine Learning - Study 55,"Author 55 (Tsinghua, Germany)",2020,"This study explores deep learning, neural networks, artificial intelligence, machine learning algorithms, natural language processing, computer vision, reinforcement learning, and generative models for various applications.",deep learning; neural networks; AI; machine learning; transformers,10.1234/example.55,Research Database,journal,IEEE Transactions on AI
pub_0056,Research on AI and Machine Learning - Study 56,"Author 56 (MIT, USA)",2020,"This study explores deep learning, neural networks, artificial intelligence, machine learning algorithms, natural language processing, computer vision, reinforcement learning, and generative models for various applications.",deep learning; neural networks; AI; machine learning; transformers,10.1234/example.56,Research Database,journal,Nature Machine Intelligence
pub_0057,Research on AI and Machine Learning - Study 57,"Author 57 (MIT, USA)",2020,"This study explores deep learning, neural networks, artificial intelligence, machine learning algorithms, natural language processing, computer vision, reinforcement learning, and generative models for various applications.",deep learning; neural networks; AI; machine learning; transformers,10.1234/example.57,Research Database,conference,NeurIPS Conference
pub_0058,Research on AI and Machine Learning - Study 58,"Author 58 (MIT, USA)",2020,"This study explores deep learning, neural networks, artificial intelligence, machine learning algorithms, natural language processing, computer vision, reinforcement learning, and generative models for various applications.",deep learning; neural networks; AI; machine learning; transformers,10.1234/example.58,Research Database,journal,Nature Machine Intelligence
pub_0059,Research on AI and Machine Learning - Study 59,"Author 59 (MIT, USA)",2020,"This study explores deep learning, neural networks, artificial intelligence, machine learning algorithms, natural language processing, computer vision, reinforcement learning, and generative models for various applications.",deep learning; neural networks; AI; machine learning; transformers,10.1234/example.59,Research Database,conference,NeurIPS Conference
pub_0060,Research on AI and Machine Learning - Study 60,"Author 60 (MIT, USA)",2020,"This study explores deep learning, neural networks, artificial intelligence, machine learning algorithms, natural language processing, computer vision, reinforcement learning, and generative models for various applications.",deep learning; neural networks; AI; machine learning; transformers,10.1234/example.60,Research Database,journal,ACM Computing Surveys
pub_0061,Research on AI and Machine Learning - Study 61,"Author 61 (Tsinghua, Germany)",2020,"This study explores deep learning, neural networks, artificial intelligence, machine learning algorithms, natural language processing, computer vision, reinforcement learning, and generative models for various applications.",deep learning; neural networks; AI; machine learning; transformers,10.1234/example.61,Research Database,conference,Nature Machine Intelligence
pub_0062,Research on AI and Machine Learning - Study 62,"Author 62 (MIT, USA)",2020,"This study explores deep learning, neural networks, artificial intelligence, machine learning algorithms, natural language processing, computer vision, reinforcement learning, and generative models for various applications.",deep learning; neural networks; AI; machine learning; transformers,10.1234/example.62,Research Database,conference,IEEE Transactions on AI
pub_0063,Research on AI and Machine Learning - Study 63,"Author 63 (MIT, USA)",2020,"This study explores deep learning, neural networks, artificial intelligence, machine learning algorithms, natural language processing, computer vision, reinforcement learning, and generative models for various applications.",deep learning; neural networks; AI; machine learning; transformers,10.1234/example.63,Research Database,conference,ICML Conference
pub_0064,Research on AI and Machine Learning - Study 64,"Author 64 (Tsinghua, Germany)",2020,"This study explores deep learning, neural networks, artificial intelligence, machine learning algorithms, natural language processing, computer vision, reinforcement learning, and generative models for various applications.",deep learning; neural networks; AI; machine learning; transformers,10.1234/example.64,Research Database,conference,ACM Computing Surveys
pub_0065,Research on AI and Machine Learning - Study 65,"Author 65 (Oxford, China)",2020,"This study explores deep learning, neural networks, artificial intelligence, machine learning algorithms, natural language processing, computer vision, reinforcement learning, and generative models for various applications.",deep learning; neural networks; AI; machine learning; transformers,10.1234/example.65,Research Database,journal,NeurIPS Conference
pub_0066,Research on AI and Machine Learning - Study 66,"Author 66 (MIT, USA)",2020,"This study explores deep learning, neural networks, artificial intelligence, machine learning algorithms, natural language processing, computer vision, reinforcement learning, and generative models for various applications.",deep learning; neural networks; AI; machine learning; transformers,10.1234/example.66,Research Database,conference,IEEE Transactions on AI
pub_0067,Research on AI and Machine Learning - Study 67,"Author 67 (Oxford, China)",2020,"This study explores deep learning, neural networks, artificial intelligence, machine learning algorithms, natural language processing, computer vision, reinforcement learning, and generative models for various applications.",deep learning; neural networks; AI; machine learning; transformers,10.1234/example.67,Research Database,journal,ACM Computing Surveys
pub_0068,Research on AI and Machine Learning - Study 68,"Author 68 (Stanford, UK)",2020,"This study explores deep learning, neural networks, artificial intelligence, machine learning algorithms, natural language processing, computer vision, reinforcement learning, and generative models for various applications.",deep learning; neural networks; AI; machine learning; transformers,10.1234/example.68,Research Database,conference,NeurIPS Conference
pub_0069,Research on AI and Machine Learning - Study 69,"Author 69 (MIT, USA)",2020,"This study explores deep learning, neural networks, artificial intelligence, machine learning algorithms, natural language processing, computer vision, reinforcement learning, and generative models for various applications.",deep learning; neural networks; AI; machine learning; transformers,10.1234/example.69,Research Database,journal,Nature Machine Intelligence
pub_0070,Research on AI and Machine Learning - Study 70,"Author 70 (Stanford, UK)",2020,"This study explores deep learning, neural networks, artificial intelligence, machine learning algorithms, natural language processing, computer vision, reinforcement learning, and generative models for various applications.",deep learning; neural networks; AI; machine learning; transformers,10.1234/example.70,Research Database,journal,ICML Conference
pub_0071,Research on AI and Machine Learning - Study 71,"Author 71 (Stanford, UK)",2020,"This study explores deep learning, neural networks, artificial intelligence, machine learning algorithms, natural language processing, computer vision, reinforcement learning, and generative models for various applications.",deep learning; neural networks; AI; machine learning; transformers,10.1234/example.71,Research Database,conference,ICML Conference
pub_0072,Research on AI and Machine Learning - Study 72,"Author 72 (Oxford, China)",2020,"This study explores deep learning, neural networks, artificial intelligence, machine learning algorithms, natural language processing, computer vision, reinforcement learning, and generative models for various applications.",deep learning; neural networks; AI; machine learning; transformers,10.1234/example.72,Research Database,conference,Nature Machine Intelligence
pub_0073,Research on AI and Machine Learning - Study 73,"Author 73 (MIT, USA)",2020,"This study explores deep learning, neural networks, artificial intelligence, machine learning algorithms, natural language processing, computer vision, reinforcement learning, and generative models for various applications.",deep learning; neural networks; AI; machine learning; transformers,10.1234/example.73,Research Database,journal,NeurIPS Conference
pub_0074,Research on AI and Machine Learning - Study 74,"Author 74 (Tsinghua, Germany)",2020,"This study explores deep learning, neural networks, artificial intelligence, machine learning algorithms, natural language processing, computer vision, reinforcement learning, and generative models for various applications.",deep learning; neural networks; AI; machine learning; transformers,10.1234/example.74,Research Database,conference,Nature Machine Intelligence
pub_0075,Research on AI and Machine Learning - Study 75,"Author 75 (MIT, USA)",2020,"This study explores deep learning, neural networks, artificial intelligence, machine learning algorithms, natural language processing, computer vision, reinforcement learning, and generative models for various applications.",deep learning; neural networks; AI; machine learning; transformers,10.1234/example.75,Research Database,journal,ICML Conference
pub_0076,Research on AI and Machine Learning - Study 76,"Author 76 (Oxford, China)",2020,"This study explores deep learning, neural networks, artificial intelligence, machine learning algorithms, natural language processing, computer vision, reinforcement learning, and generative models for various applications.",deep learning; neural networks; AI; machine learning; transformers,10.1234/example.76,Research Database,conference,NeurIPS Conference
pub_0077,Research on AI and Machine Learning - Study 77,"Author 77 (Oxford, China)",2020,"This study explores deep learning, neural networks, artificial intelligence, machine learning algorithms, natural language processing, computer vision, reinforcement learning, and generative models for various applications.",deep learning; neural networks; AI; machine learning; transformers,10.1234/example.77,Research Database,conference,ICML Conference
pub_0078,Research on AI and Machine Learning - Study 78,"Author 78 (Oxford, China)",2020,"This study explores deep learning, neural networks, artificial intelligence, machine learning algorithms, natural language processing, computer vision, reinforcement learning, and generative models for various applications.",deep learning; neural networks; AI; machine learning; transformers,10.1234/example.78,Research Database,conference,Nature Machine Intelligence
pub_0079,Research on AI and Machine Learning - Study 79,"Author 79 (Stanford, UK)",2020,"This study explores deep learning, neural networks, artificial intelligence, machine learning algorithms, natural language processing, computer vision, reinforcement learning, and generative models for various applications.",deep learning; neural networks; AI; machine learning; transformers,10.1234/example.79,Research Database,journal,Nature Machine Intelligence
pub_0080,Research on AI and Machine Learning - Study 80,"Author 80 (Tsinghua, Germany)",2020,"This study explores deep learning, neural networks, artificial intelligence, machine learning algorithms, natural language processing, computer vision, reinforcement learning, and generative models for various applications.",deep learning; neural networks; AI; machine learning; transformers,10.1234/example.80,Research Database,conference,ICML Conference
pub_0081,Research on AI and Machine Learning - Study 81,"Author 81 (MIT, USA)",2020,"This study explores deep learning, neural networks, artificial intelligence, machine learning algorithms, natural language processing, computer vision, reinforcement learning, and generative models for various applications.",deep learning; neural networks; AI; machine learning; transformers,10.1234/example.81,Research Database,journal,ACM Computing Surveys
pub_0082,Research on AI and Machine Learning - Study 82,"Author 82 (MIT, USA)",2020,"This study explores deep learning, neural networks, artificial intelligence, machine learning algorithms, natural language processing, computer vision, reinforcement learning, and generative models for various applications.",deep learning; neural networks; AI; machine learning; transformers,10.1234/example.82,Research Database,journal,ICML Conference
pub_0083,Research on AI and Machine Learning - Study 83,"Author 83 (MIT, USA)",2020,"This study explores deep learning, neural networks, artificial intelligence, machine learning algorithms, natural language processing, computer vision, reinforcement learning, and generative models for various applications.",deep learning; neural networks; AI; machine learning; transformers,10.1234/example.83,Research Database,journal,ACM Computing Surveys
pub_0084,Research on AI and Machine Learning - Study 84,"Author 84 (Stanford, UK)",2020,"This study explores deep learning, neural networks, artificial intelligence, machine learning algorithms, natural language processing, computer vision, reinforcement learning, and generative models for various applications.",deep learning; neural networks; AI; machine learning; transformers,10.1234/example.84,Research Database,journal,ICML Conference
pub_0085,Research on AI and Machine Learning - Study 85,"Author 85 (Stanford, UK)",2020,"This study explores deep learning, neural networks, artificial intelligence, machine learning algorithms, natural language processing, computer vision, reinforcement learning, and generative models for various applications.",deep learning; neural networks; AI; machine learning; transformers,10.1234/example.85,Research Database,conference,IEEE Transactions on AI
pub_0086,Research on AI and Machine Learning - Study 86,"Author 86 (Tsinghua, Germany)",2021,"This study explores deep learning, neural networks, artificial intelligence, machine learning algorithms, natural language processing, computer vision, reinforcement learning, and generative models for various applications.",deep learning; neural networks; AI; machine learning; transformers,10.1234/example.86,Research Database,journal,ACM Computing Surveys
pub_0087,Research on AI and Machine Learning - Study 87,"Author 87 (MIT, USA)",2021,"This study explores deep learning, neural networks, artificial intelligence, machine learning algorithms, natural language processing, computer vision, reinforcement learning, and generative models for various applications.",deep learning; neural networks; AI; machine learning; transformers,10.1234/example.87,Research Database,conference,ICML Conference
pub_0088,Research on AI and Machine Learning - Study 88,"Author 88 (Toronto, Canada)",2021,"This study explores deep learning, neural networks, artificial intelligence, machine learning algorithms, natural language processing, computer vision, reinforcement learning, and generative models for various applications.",deep learning; neural networks; AI; machine learning; transformers,10.1234/example.88,Research Database,journal,Nature Machine Intelligence
pub_0089,Research on AI and Machine Learning - Study 89,"Author 89 (MIT, USA)",2021,"This study explores deep learning, neural networks, artificial intelligence, machine learning algorithms, natural language processing, computer vision, reinforcement learning, and generative models for various applications.",deep learning; neural networks; AI; machine learning; transformers,10.1234/example.89,Research Database,journal,Nature Machine Intelligence
pub_0090,Research on AI and Machine Learning - Study 90,"Author 90 (Oxford, China)",2021,"This study explores deep learning, neural networks, artificial intelligence, machine learning algorithms, natural language processing, computer vision, reinforcement learning, and generative models for various applications.",deep learning; neural networks; AI; machine learning; transformers,10.1234/example.90,Research Database,conference,Nature Machine Intelligence
pub_0091,Research on AI and Machine Learning - Study 91,"Author 91 (Tsinghua, Germany)",2021,"This study explores deep learning, neural networks, artificial intelligence, machine learning algorithms, natural language processing, computer vision, reinforcement learning, and generative models for various applications.",deep learning; neural networks; AI; machine learning; transformers,10.1234/example.91,Research Database,conference,IEEE Transactions on AI
pub_0092,Research on AI and Machine Learning - Study 92,"Author 92 (Tsinghua, Germany)",2021,"This study explores deep learning, neural networks, artificial intelligence, machine learning algorithms, natural language processing, computer vision, reinforcement learning, and generative models for various applications.",deep learning; neural networks; AI; machine learning; transformers,10.1234/example.92,Research Database,journal,IEEE Transactions on AI
pub_0093,Research on AI and Machine Learning - Study 93,"Author 93 (Tsinghua, Germany)",2021,"This study explores deep learning, neural networks, artificial intelligence, machine learning algorithms, natural language processing, computer vision, reinforcement learning, and generative models for various applications.",deep learning; neural networks; AI; machine learning; transformers,10.1234/example.93,Research Database,conference,ICML Conference
pub_0094,Research on AI and Machine Learning - Study 94,"Author 94 (Oxford, China)",2021,"This study explores deep learning, neural networks, artificial intelligence, machine learning algorithms, natural language processing, computer vision, reinforcement learning, and generative models for various applications.",deep learning; neural networks; AI; machine learning; transformers,10.1234/example.94,Research Database,conference,IEEE Transactions on AI
pub_0095,Research on AI and Machine Learning - Study 95,"Author 95 (Oxford, China)",2021,"This study explores deep learning, neural networks, artificial intelligence, machine learning algorithms, natural language processing, computer vision, reinforcement learning, and generative models for various applications.",deep learning; neural networks; AI; machine learning; transformers,10.1234/example.95,Research Database,journal,NeurIPS Conference
pub_0096,Research on AI and Machine Learning - Study 96,"Author 96 (Stanford, UK)",2021,"This study explores deep learning, neural networks, artificial intelligence, machine learning algorithms, natural language processing, computer vision, reinforcement learning, and generative models for various applications.",deep learning; neural networks; AI; machine learning; transformers,10.1234/example.96,Research Database,conference,ACM Computing Surveys
pub_0097,Research on AI and Machine Learning - Study 97,"Author 97 (Stanford, UK)",2021,"This study explores deep learning, neural networks, artificial intelligence, machine learning algorithms, natural language processing, computer vision, reinforcement learning, and generative models for various applications.",deep learning; neural networks; AI; machine learning; transformers,10.1234/example.97,Research Database,conference,Nature Machine Intelligence
pub_0098,Research on AI and Machine Learning - Study 98,"Author 98 (Toronto, Canada)",2021,"This study explores deep learning, neural networks, artificial intelligence, machine learning algorithms, natural language processing, computer vision, reinforcement learning, and generative models for various applications.",deep learning; neural networks; AI; machine learning; transformers,10.1234/example.98,Research Database,journal,ICML Conference
pub_0099,Research on AI and Machine Learning - Study 99,"Author 99 (MIT, USA)",2021,"This study explores deep learning, neural networks, artificial intelligence, machine learning algorithms, natural language processing, computer vision, reinforcement learning, and generative models for various applications.",deep learning; neural networks; AI; machine learning; transformers,10.1234/example.99,Research Database,conference,IEEE Transactions on AI
pub_0100,Research on AI and Machine Learning - Study 100,"Author 100 (Toronto, Canada)",2021,"This study explores deep learning, neural networks, artificial intelligence, machine learning algorithms, natural language processing, computer vision, reinforcement learning, and generative models for various applications.",deep learning; neural networks; AI; machine learning; transformers,10.1234/example.100,Research Database,conference,ICML Conference
pub_0101,Research on AI and Machine Learning - Study 101,"Author 101 (Oxford, China)",2021,"This study explores deep learning, neural networks, artificial intelligence, machine learning algorithms, natural language processing, computer vision, reinforcement learning, and generative models for various applications.",deep learning; neural networks; AI; machine learning; transformers,10.1234/example.101,Research Database,journal,IEEE Transactions on AI
pub_0102,Research on AI and Machine Learning - Study 102,"Author 102 (Tsinghua, Germany)",2021,"This study explores deep learning, neural networks, artificial intelligence, machine learning algorithms, natural language processing, computer vision, reinforcement learning, and generative models for various applications.",deep learning; neural networks; AI; machine learning; transformers,10.1234/example.102,Research Database,journal,Nature Machine Intelligence
pub_0103,Research on AI and Machine Learning - Study 103,"Author 103 (Toronto, Canada)",2021,"This study explores deep learning, neural networks, artificial intelligence, machine learning algorithms, natural language processing, computer vision, reinforcement learning, and generative models for various applications.",deep learning; neural networks; AI; machine learning; transformers,10.1234/example.103,Research Database,journal,Nature Machine Intelligence
pub_0104,Research on AI and Machine Learning - Study 104,"Author 104 (Oxford, China)",2021,"This study explores deep learning, neural networks, artificial intelligence, machine learning algorithms, natural language processing, computer vision, reinforcement learning, and generative models for various applications.",deep learning; neural networks; AI; machine learning; transformers,10.1234/example.104,Research Database,conference,NeurIPS Conference
pub_0105,Research on AI and Machine Learning - Study 105,"Author 105 (MIT, USA)",2021,"This study explores deep learning, neural networks, artificial intelligence, machine learning algorithms, natural language processing, computer vision, reinforcement learning, and generative models for various applications.",deep learning; neural networks; AI; machine learning; transformers,10.1234/example.105,Research Database,conference,IEEE Transactions on AI
pub_0106,Research on AI and Machine Learning - Study 106,"Author 106 (Toronto, Canada)",2021,"This study explores deep learning, neural networks, artificial intelligence, machine learning algorithms, natural language processing, computer vision, reinforcement learning, and generative models for various applications.",deep learning; neural networks; AI; machine learning; transformers,10.1234/example.106,Research Database,conference,NeurIPS Conference
pub_0107,Research on AI and Machine Learning - Study 107,"Author 107 (Oxford, China)",2021,"This study explores deep learning, neural networks, artificial intelligence, machine learning algorithms, natural language processing, computer vision, reinforcement learning, and generative models for various applications.",deep learning; neural networks; AI; machine learning; transformers,10.1234/example.107,Research Database,conference,Nature Machine Intelligence
pub_0108,Research on AI and Machine Learning - Study 108,"Author 108 (MIT, USA)",2021,"This study explores deep learning, neural networks, artificial intelligence, machine learning algorithms, natural language processing, computer vision, reinforcement learning, and generative models for various applications.",deep learning; neural networks; AI; machine learning; transformers,10.1234/example.108,Research Database,conference,IEEE Transactions on AI
pub_0109,Research on AI and Machine Learning - Study 109,"Author 109 (Tsinghua, Germany)",2021,"This study explores deep learning, neural networks, artificial intelligence, machine learning algorithms, natural language processing, computer vision, reinforcement learning, and generative models for various applications.",deep learning; neural networks; AI; machine learning; transformers,10.1234/example.109,Research Database,conference,NeurIPS Conference
pub_0110,Research on AI and Machine Learning - Study 110,"Author 110 (Toronto, Canada)",2021,"This study explores deep learning, neural networks, artificial intelligence, machine learning algorithms, natural language processing, computer vision, reinforcement learning, and generative models for various applications.",deep learning; neural networks; AI; machine learning; transformers,10.1234/example.110,Research Database,conference,Nature Machine Intelligence
pub_0111,Research on AI and Machine Learning - Study 111,"Author 111 (Tsinghua, Germany)",2021,"This study explores deep learning, neural networks, artificial intelligence, machine learning algorithms, natural language processing, computer vision, reinforcement learning, and generative models for various applications.",deep learning; neural networks; AI; machine learning; transformers,10.1234/example.111,Research Database,journal,NeurIPS Conference
pub_0112,Research on AI and Machine Learning - Study 112,"Author 112 (Toronto, Canada)",2022,"This study explores deep learning, neural networks, artificial intelligence, machine learning algorithms, natural language processing, computer vision, reinforcement learning, and generative models for various applications.",deep learning; neural networks; AI; machine learning; transformers,10.1234/example.112,Research Database,journal,NeurIPS Conference
pub_0113,Research on AI and Machine Learning - Study 113,"Author 113 (Oxford, China)",2022,"This study explores deep learning, neural networks, artificial intelligence, machine learning algorithms, natural language processing, computer vision, reinforcement learning, and generative models for various applications.",deep learning; neural networks; AI; machine learning; transformers,10.1234/example.113,Research Database,conference,IEEE Transactions on AI
pub_0114,Research on AI and Machine Learning - Study 114,"Author 114 (Tsinghua, Germany)",2022,"This study explores deep learning, neural networks, artificial intelligence, machine learning algorithms, natural language processing, computer vision, reinforcement learning, and generative models for various applications.",deep learning; neural networks; AI; machine learning; transformers,10.1234/example.114,Research Database,journal,NeurIPS Conference
pub_0115,Research on AI and Machine Learning - Study 115,"Author 115 (Toronto, Canada)",2022,"This study explores deep learning, neural networks, artificial intelligence, machine learning algorithms, natural language processing, computer vision, reinforcement learning, and generative models for various applications.",deep learning; neural networks; AI; machine learning; transformers,10.1234/example.115,Research Database,conference,IEEE Transactions on AI
pub_0116,Research on AI and Machine Learning - Study 116,"Author 116 (Oxford, China)",2022,"This study explores deep learning, neural networks, artificial intelligence, machine learning algorithms, natural language processing, computer vision, reinforcement learning, and generative models for various applications.",deep learning; neural networks; AI; machine learning; transformers,10.1234/example.116,Research Database,conference,ACM Computing Surveys
pub_0117,Research on AI and Machine Learning - Study 117,"Author 117 (MIT, USA)",2022,"This study explores deep learning, neural networks, artificial intelligence, machine learning algorithms, natural language processing, computer vision, reinforcement learning, and generative models for various applications.",deep learning; neural networks; AI; machine learning; transformers,10.1234/example.117,Research Database,conference,ACM Computing Surveys
pub_0118,Research on AI and Machine Learning - Study 118,"Author 118 (Oxford, China)",2022,"This study explores deep learning, neural networks, artificial intelligence, machine learning algorithms, natural language processing, computer vision, reinforcement learning, and generative models for various applications.",deep learning; neural networks; AI; machine learning; transformers,10.1234/example.118,Research Database,conference,ACM Computing Surveys
pub_0119,Research on AI and Machine Learning - Study 119,"Author 119 (Stanford, UK)",2022,"This study explores deep learning, neural networks, artificial intelligence, machine learning algorithms, natural language processing, computer vision, reinforcement learning, and generative models for various applications.",deep learning; neural networks; AI; machine learning; transformers,10.1234/example.119,Research Database,journal,Nature Machine Intelligence
pub_0120,Research on AI and Machine Learning - Study 120,"Author 120 (Stanford, UK)",2022,"This study explores deep learning, neural networks, artificial intelligence, machine learning algorithms, natural language processing, computer vision, reinforcement learning, and generative models for various applications.",deep learning; neural networks; AI; machine learning; transformers,10.1234/example.120,Research Database,conference,ACM Computing Surveys
pub_0121,Research on AI and Machine Learning - Study 121,"Author 121 (MIT, USA)",2022,"This study explores deep learning, neural networks, artificial intelligence, machine learning algorithms, natural language processing, computer vision, reinforcement learning, and generative models for various applications.",deep learning; neural networks; AI; machine learning; transformers,10.1234/example.121,Research Database,conference,IEEE Transactions on AI
pub_0122,Research on AI and Machine Learning - Study 122,"Author 122 (MIT, USA)",2022,"This study explores deep learning, neural networks, artificial intelligence, machine learning algorithms, natural language processing, computer vision, reinforcement learning, and generative models for various applications.",deep learning; neural networks; AI; machine learning; transformers,10.1234/example.122,Research Database,journal,NeurIPS Conference
pub_0123,Research on AI and Machine Learning - Study 123,"Author 123 (Stanford, UK)",2022,"This study explores deep learning, neural networks, artificial intelligence, machine learning algorithms, natural language processing, computer vision, reinforcement learning, and generative models for various applications.",deep learning; neural networks; AI; machine learning; transformers,10.1234/example.123,Research Database,journal,ACM Computing Surveys
pub_0124,Research on AI and Machine Learning - Study 124,"Author 124 (Oxford, China)",2022,"This study explores deep learning, neural networks, artificial intelligence, machine learning algorithms, natural language processing, computer vision, reinforcement learning, and generative models for various applications.",deep learning; neural networks; AI; machine learning; transformers,10.1234/example.124,Research Database,conference,IEEE Transactions on AI
pub_0125,Research on AI and Machine Learning - Study 125,"Author 125 (Toronto, Canada)",2022,"This study explores deep learning, neural networks, artificial intelligence, machine learning algorithms, natural language processing, computer vision, reinforcement learning, and generative models for various applications.",deep learning; neural networks; AI; machine learning; transformers,10.1234/example.125,Research Database,conference,ACM Computing Surveys
pub_0126,Research on AI and Machine Learning - Study 126,"Author 126 (MIT, USA)",2022,"This study explores deep learning, neural networks, artificial intelligence, machine learning algorithms, natural language processing, computer vision, reinforcement learning, and generative models for various applications.",deep learning; neural networks; AI; machine learning; transformers,10.1234/example.126,Research Database,conference,NeurIPS Conference
pub_0127,Research on AI and Machine Learning - Study 127,"Author 127 (Tsinghua, Germany)",2022,"This study explores deep learning, neural networks, artificial intelligence, machine learning algorithms, natural language processing, computer vision, reinforcement learning, and generative models for various applications.",deep learning; neural networks; AI; machine learning; transformers,10.1234/example.127,Research Database,journal,ICML Conference
pub_0128,Research on AI and Machine Learning - Study 128,"Author 128 (Oxford, China)",2022,"This study explores deep learning, neural networks, artificial intelligence, machine learning algorithms, natural language processing, computer vision, reinforcement learning, and generative models for various applications.",deep learning; neural networks; AI; machine learning; transformers,10.1234/example.128,Research Database,journal,ICML Conference
pub_0129,Research on AI and Machine Learning - Study 129,"Author 129 (Stanford, UK)",2022,"This study explores deep learning, neural networks, artificial intelligence, machine learning algorithms, natural language processing, computer vision, reinforcement learning, and generative models for various applications.",deep learning; neural networks; AI; machine learning; transformers,10.1234/example.129,Research Database,conference,Nature Machine Intelligence
pub_0130,Research on AI and Machine Learning - Study 130,"Author 130 (MIT, USA)",2022,"This study explores deep learning, neural networks, artificial intelligence, machine learning algorithms, natural language processing, computer vision, reinforcement learning, and generative models for various applications.",deep learning; neural networks; AI; machine learning; transformers,10.1234/example.130,Research Database,conference,NeurIPS Conference
pub_0131,Research on AI and Machine Learning - Study 131,"Author 131 (Stanford, UK)",2022,"This study explores deep learning, neural networks, artificial intelligence, machine learning algorithms, natural language processing, computer vision, reinforcement learning, and generative models for various applications.",deep learning; neural networks; AI; machine learning; transformers,10.1234/example.131,Research Database,conference,IEEE Transactions on AI
pub_0132,Research on AI and Machine Learning - Study 132,"Author 132 (Tsinghua, Germany)",2022,"This study explores deep learning, neural networks, artificial intelligence, machine learning algorithms, natural language processing, computer vision, reinforcement learning, and generative models for various applications.",deep learning; neural networks; AI; machine learning; transformers,10.1234/example.132,Research Database,conference,Nature Machine Intelligence
pub_0133,Research on AI and Machine Learning - Study 133,"Author 133 (Tsinghua, Germany)",2022,"This study explores deep learning, neural networks, artificial intelligence, machine learning algorithms, natural language processing, computer vision, reinforcement learning, and generative models for various applications.",deep learning; neural networks; AI; machine learning; transformers,10.1234/example.133,Research Database,journal,IEEE Transactions on AI
pub_0134,Research on AI and Machine Learning - Study 134,"Author 134 (Toronto, Canada)",2022,"This study explores deep learning, neural networks, artificial intelligence, machine learning algorithms, natural language processing, computer vision, reinforcement learning, and generative models for various applications.",deep learning; neural networks; AI; machine learning; transformers,10.1234/example.134,Research Database,conference,ICML Conference
pub_0135,Research on AI and Machine Learning - Study 135,"Author 135 (Tsinghua, Germany)",2022,"This study explores deep learning, neural networks, artificial intelligence, machine learning algorithms, natural language processing, computer vision, reinforcement learning, and generative models for various applications.",deep learning; neural networks; AI; machine learning; transformers,10.1234/example.135,Research Database,journal,ICML Conference
pub_0136,Research on AI and Machine Learning - Study 136,"Author 136 (Toronto, Canada)",2022,"This study explores deep learning, neural networks, artificial intelligence, machine learning algorithms, natural language processing, computer vision, reinforcement learning, and generative models for various applications.",deep learning; neural networks; AI; machine learning; transformers,10.1234/example.136,Research Database,conference,ICML Conference
pub_0137,Research on AI and Machine Learning - Study 137,"Author 137 (Oxford, China)",2022,"This study explores deep learning, neural networks, artificial intelligence, machine learning algorithms, natural language processing, computer vision, reinforcement learning, and generative models for various applications.",deep learning; neural networks; AI; machine learning; transformers,10.1234/example.137,Research Database,journal,ICML Conference
pub_0138,Research on AI and Machine Learning - Study 138,"Author 138 (Toronto, Canada)",2022,"This study explores deep learning, neural networks, artificial intelligence, machine learning algorithms, natural language processing, computer vision, reinforcement learning, and generative models for various applications.",deep learning; neural networks; AI; machine learning; transformers,10.1234/example.138,Research Database,conference,ICML Conference
pub_0139,Research on AI and Machine Learning - Study 139,"Author 139 (Stanford, UK)",2022,"This study explores deep learning, neural networks, artificial intelligence, machine learning algorithms, natural language processing, computer vision, reinforcement learning, and generative models for various applications.",deep learning; neural networks; AI; machine learning; transformers,10.1234/example.139,Research Database,conference,Nature Machine Intelligence
pub_0140,Research on AI and Machine Learning - Study 140,"Author 140 (MIT, USA)",2022,"This study explores deep learning, neural networks, artificial intelligence, machine learning algorithms, natural language processing, computer vision, reinforcement learning, and generative models for various applications.",deep learning; neural networks; AI; machine learning; transformers,10.1234/example.140,Research Database,conference,Nature Machine Intelligence
pub_0141,Research on AI and Machine Learning - Study 141,"Author 141 (Tsinghua, Germany)",2022,"This study explores deep learning, neural networks, artificial intelligence, machine learning algorithms, natural language processing, computer vision, reinforcement learning, and generative models for various applications.",deep learning; neural networks; AI; machine learning; transformers,10.1234/example.141,Research Database,conference,ACM Computing Surveys
pub_0142,Research on AI and Machine Learning - Study 142,"Author 142 (Toronto, Canada)",2022,"This study explores deep learning, neural networks, artificial intelligence, machine learning algorithms, natural language processing, computer vision, reinforcement learning, and generative models for various applications.",deep learning; neural networks; AI; machine learning; transformers,10.1234/example.142,Research Database,conference,NeurIPS Conference
pub_0143,Research on AI and Machine Learning - Study 143,"Author 143 (MIT, USA)",2023,"This study explores deep learning, neural networks, artificial intelligence, machine learning algorithms, natural language processing, computer vision, reinforcement learning, and generative models for various applications.",deep learning; neural networks; AI; machine learning; transformers,10.1234/example.143,Research Database,conference,NeurIPS Conference
pub_0144,Research on AI and Machine Learning - Study 144,"Author 144 (MIT, USA)",2023,"This study explores deep learning, neural networks, artificial intelligence, machine learning algorithms, natural language processing, computer vision, reinforcement learning, and generative models for various applications.",deep learning; neural networks; AI; machine learning; transformers,10.1234/example.144,Research Database,conference,ACM Computing Surveys
pub_0145,Research on AI and Machine Learning - Study 145,"Author 145 (MIT, USA)",2023,"This study explores deep learning, neural networks, artificial intelligence, machine learning algorithms, natural language processing, computer vision, reinforcement learning, and generative models for various applications.",deep learning; neural networks; AI; machine learning; transformers,10.1234/example.145,Research Database,journal,ACM Computing Surveys
pub_0146,Research on AI and Machine Learning - Study 146,"Author 146 (MIT, USA)",2023,"This study explores deep learning, neural networks, artificial intelligence, machine learning algorithms, natural language processing, computer vision, reinforcement learning, and generative models for various applications.",deep learning; neural networks; AI; machine learning; transformers,10.1234/example.146,Research Database,conference,NeurIPS Conference
pub_0147,Research on AI and Machine Learning - Study 147,"Author 147 (Toronto, Canada)",2023,"This study explores deep learning, neural networks, artificial intelligence, machine learning algorithms, natural language processing, computer vision, reinforcement learning, and generative models for various applications.",deep learning; neural networks; AI; machine learning; transformers,10.1234/example.147,Research Database,journal,NeurIPS Conference
pub_0148,Research on AI and Machine Learning - Study 148,"Author 148 (Toronto, Canada)",2023,"This study explores deep learning, neural networks, artificial intelligence, machine learning algorithms, natural language processing, computer vision, reinforcement learning, and generative models for various applications.",deep learning; neural networks; AI; machine learning; transformers,10.1234/example.148,Research Database,conference,NeurIPS Conference
pub_0149,Research on AI and Machine Learning - Study 149,"Author 149 (Oxford, China)",2023,"This study explores deep learning, neural networks, artificial intelligence, machine learning algorithms, natural language processing, computer vision, reinforcement learning, and generative models for various applications.",deep learning; neural networks; AI; machine learning; transformers,10.1234/example.149,Research Database,conference,ACM Computing Surveys
pub_0150,Research on AI and Machine Learning - Study 150,"Author 150 (Oxford, China)",2023,"This study explores deep learning, neural networks, artificial intelligence, machine learning algorithms, natural language processing, computer vision, reinforcement learning, and generative models for various applications.",deep learning; neural networks; AI; machine learning; transformers,10.1234/example.150,Research Database,journal,IEEE Transactions on AI
pub_0151,Research on AI and Machine Learning - Study 151,"Author 151 (Toronto, Canada)",2023,"This study explores deep learning, neural networks, artificial intelligence, machine learning algorithms, natural language processing, computer vision, reinforcement learning, and generative models for various applications.",deep learning; neural networks; AI; machine learning; transformers,10.1234/example.151,Research Database,conference,ICML Conference
pub_0152,Research on AI and Machine Learning - Study 152,"Author 152 (Toronto, Canada)",2023,"This study explores deep learning, neural networks, artificial intelligence, machine learning algorithms, natural language processing, computer vision, reinforcement learning, and generative models for various applications.",deep learning; neural networks; AI; machine learning; transformers,10.1234/example.152,Research Database,journal,IEEE Transactions on AI
pub_0153,Research on AI and Machine Learning - Study 153,"Author 153 (Tsinghua, Germany)",2023,"This study explores deep learning, neural networks, artificial intelligence, machine learning algorithms, natural language processing, computer vision, reinforcement learning, and generative models for various applications.",deep learning; neural networks; AI; machine learning; transformers,10.1234/example.153,Research Database,journal,ICML Conference
pub_0154,Research on AI and Machine Learning - Study 154,"Author 154 (Stanford, UK)",2023,"This study explores deep learning, neural networks, artificial intelligence, machine learning algorithms, natural language processing, computer vision, reinforcement learning, and generative models for various applications.",deep learning; neural networks; AI; machine learning; transformers,10.1234/example.154,Research Database,conference,NeurIPS Conference
pub_0155,Research on AI and Machine Learning - Study 155,"Author 155 (Tsinghua, Germany)",2023,"This study explores deep learning, neural networks, artificial intelligence, machine learning algorithms, natural language processing, computer vision, reinforcement learning, and generative models for various applications.",deep learning; neural networks; AI; machine learning; transformers,10.1234/example.155,Research Database,journal,NeurIPS Conference
pub_0156,Research on AI and Machine Learning - Study 156,"Author 156 (Stanford, UK)",2023,"This study explores deep learning, neural networks, artificial intelligence, machine learning algorithms, natural language processing, computer vision, reinforcement learning, and generative models for various applications.",deep learning; neural networks; AI; machine learning; transformers,10.1234/example.156,Research Database,conference,NeurIPS Conference
pub_0157,Research on AI and Machine Learning - Study 157,"Author 157 (Tsinghua, Germany)",2023,"This study explores deep learning, neural networks, artificial intelligence, machine learning algorithms, natural language processing, computer vision, reinforcement learning, and generative models for various applications.",deep learning; neural networks; AI; machine learning; transformers,10.1234/example.157,Research Database,conference,ICML Conference
pub_0158,Research on AI and Machine Learning - Study 158,"Author 158 (Stanford, UK)",2023,"This study explores deep learning, neural networks, artificial intelligence, machine learning algorithms, natural language processing, computer vision, reinforcement learning, and generative models for various applications.",deep learning; neural networks; AI; machine learning; transformers,10.1234/example.158,Research Database,conference,Nature Machine Intelligence
pub_0159,Research on AI and Machine Learning - Study 159,"Author 159 (Stanford, UK)",2023,"This study explores deep learning, neural networks, artificial intelligence, machine learning algorithms, natural language processing, computer vision, reinforcement learning, and generative models for various applications.",deep learning; neural networks; AI; machine learning; transformers,10.1234/example.159,Research Database,conference,IEEE Transactions on AI
pub_0160,Research on AI and Machine Learning - Study 160,"Author 160 (Toronto, Canada)",2023,"This study explores deep learning, neural networks, artificial intelligence, machine learning algorithms, natural language processing, computer vision, reinforcement learning, and generative models for various applications.",deep learning; neural networks; AI; machine learning; transformers,10.1234/example.160,Research Database,journal,ICML Conference
pub_0161,Research on AI and Machine Learning - Study 161,"Author 161 (Stanford, UK)",2023,"This study explores deep learning, neural networks, artificial intelligence, machine learning algorithms, natural language processing, computer vision, reinforcement learning, and generative models for various applications.",deep learning; neural networks; AI; machine learning; transformers,10.1234/example.161,Research Database,journal,ICML Conference
pub_0162,Research on AI and Machine Learning - Study 162,"Author 162 (Oxford, China)",2023,"This study explores deep learning, neural networks, artificial intelligence, machine learning algorithms, natural language processing, computer vision, reinforcement learning, and generative models for various applications.",deep learning; neural networks; AI; machine learning; transformers,10.1234/example.162,Research Database,conference,ICML Conference
pub_0163,Research on AI and Machine Learning - Study 163,"Author 163 (Stanford, UK)",2023,"This study explores deep learning, neural networks, artificial intelligence, machine learning algorithms, natural language processing, computer vision, reinforcement learning, and generative models for various applications.",deep learning; neural networks; AI; machine learning; transformers,10.1234/example.163,Research Database,journal,ICML Conference
pub_0164,Research on AI and Machine Learning - Study 164,"Author 164 (MIT, USA)",2023,"This study explores deep learning, neural networks, artificial intelligence, machine learning algorithms, natural language processing, computer vision, reinforcement learning, and generative models for various applications.",deep learning; neural networks; AI; machine learning; transformers,10.1234/example.164,Research Database,journal,NeurIPS Conference
pub_0165,Research on AI and Machine Learning - Study 165,"Author 165 (Oxford, China)",2023,"This study explores deep learning, neural networks, artificial intelligence, machine learning algorithms, natural language processing, computer vision, reinforcement learning, and generative models for various applications.",deep learning; neural networks; AI; machine learning; transformers,10.1234/example.165,Research Database,journal,NeurIPS Conference
pub_0166,Research on AI and Machine Learning - Study 166,"Author 166 (Tsinghua, Germany)",2023,"This study explores deep learning, neural networks, artificial intelligence, machine learning algorithms, natural language processing, computer vision, reinforcement learning, and generative models for various applications.",deep learning; neural networks; AI; machine learning; transformers,10.1234/example.166,Research Database,journal,IEEE Transactions on AI
pub_0167,Research on AI and Machine Learning - Study 167,"Author 167 (MIT, USA)",2023,"This study explores deep learning, neural networks, artificial intelligence, machine learning algorithms, natural language processing, computer vision, reinforcement learning, and generative models for various applications.",deep learning; neural networks; AI; machine learning; transformers,10.1234/example.167,Research Database,conference,ACM Computing Surveys
pub_0168,Research on AI and Machine Learning - Study 168,"Author 168 (Oxford, China)",2023,"This study explores deep learning, neural networks, artificial intelligence, machine learning algorithms, natural language processing, computer vision, reinforcement learning, and generative models for various applications.",deep learning; neural networks; AI; machine learning; transformers,10.1234/example.168,Research Database,conference,NeurIPS Conference
pub_0169,Research on AI and Machine Learning - Study 169,"Author 169 (Toronto, Canada)",2023,"This study explores deep learning, neural networks, artificial intelligence, machine learning algorithms, natural language processing, computer vision, reinforcement learning, and generative models for various applications.",deep learning; neural networks; AI; machine learning; transformers,10.1234/example.169,Research Database,conference,ACM Computing Surveys
pub_0170,Research on AI and Machine Learning - Study 170,"Author 170 (Toronto, Canada)",2023,"This study explores deep learning, neural networks, artificial intelligence, machine learning algorithms, natural language processing, computer vision, reinforcement learning, and generative models for various applications.",deep learning; neural networks; AI; machine learning; transformers,10.1234/example.170,Research Database,journal,ACM Computing Surveys
pub_0171,Research on AI and Machine Learning - Study 171,"Author 171 (Oxford, China)",2023,"This study explores deep learning, neural networks, artificial intelligence, machine learning algorithms, natural language processing, computer vision, reinforcement learning, and generative models for various applications.",deep learning; neural networks; AI; machine learning; transformers,10.1234/example.171,Research Database,journal,IEEE Transactions on AI
pub_0172,Research on AI and Machine Learning - Study 172,"Author 172 (Stanford, UK)",2023,"This study explores deep learning, neural networks, artificial intelligence, machine learning algorithms, natural language processing, computer vision, reinforcement learning, and generative models for various applications.",deep learning; neural networks; AI; machine learning; transformers,10.1234/example.172,Research Database,conference,NeurIPS Conference
pub_0173,Research on AI and Machine Learning - Study 173,"Author 173 (Stanford, UK)",2023,"This study explores deep learning, neural networks, artificial intelligence, machine learning algorithms, natural language processing, computer vision, reinforcement learning, and generative models for various applications.",deep learning; neural networks; AI; machine learning; transformers,10.1234/example.173,Research Database,conference,ACM Computing Surveys
